ObjectId,License
639b994c0926ea7b12ed2968,https://datos.gob.mx/libreusomx
650a0c852fe42aff3d692726,https://datos.gob.mx/libreusomx
6365e96fea98b53ae64b6578,https://datos.gob.mx/libreusomx
6365ede4ba7e8d6512d2ab40,https://datos.gob.mx/libreusomx
6318f86df7e2543d58fd9788,https://datos.gob.mx/libreusomx
6365e7c3a149e923a0a2c28a,https://datos.gob.mx/libreusomx
6162e12bd3080ff91314c9ac,https://datos.gob.mx/libreusomx
63bd6d7e145c4f2b3955e08b,https://datos.gob.mx/libreusomx
634b2cb4aa1ab7afac3d5fe9,https://datos.gob.mx/libreusomx
6162a395c19cef8fb446ffc4,https://datos.gob.mx/libreusomx
